epoch,dataset,run_mode,backbone_variant,feature_dim,train_epoch_loss,train_epoch_acc,train_items,val_loss,val_acc,val_items,test_loss,test_acc,test_items,diagnostic_only
0,SplitCIFAR10,robust,smallcnn_v21_reference,256,0.7027328145503998,0.78340625,32000,0.7524878911972046,0.740625,8000,0.7416036596298218,0.7394,10000,True
1,SplitCIFAR10,robust,smallcnn_v21_reference,256,0.537460881471634,0.8144375,32000,0.7475440716743469,0.748125,8000,0.7378858045578003,0.7445,10000,True
2,SplitCIFAR10,robust,smallcnn_v21_reference,256,0.5271346344947815,0.8171875,32000,0.7562482438087463,0.744,8000,0.7496082700729371,0.7411,10000,True
3,SplitCIFAR10,robust,smallcnn_v21_reference,256,0.5229080792665481,0.8183125,32000,0.7596255588531494,0.74775,8000,0.7522598065376281,0.7431,10000,True
4,SplitCIFAR10,robust,smallcnn_v21_reference,256,0.5211161210536956,0.81878125,32000,0.7851704559326171,0.738,8000,0.775616006565094,0.7414,10000,True
5,SplitCIFAR10,robust,smallcnn_v21_reference,256,0.5207910270690917,0.81878125,32000,0.7670074253082275,0.74575,8000,0.7575078023910522,0.7435,10000,True
6,SplitCIFAR10,robust,smallcnn_v21_reference,256,0.5174740922451019,0.82025,32000,0.765384358882904,0.745875,8000,0.7595619342803955,0.7452,10000,True
7,SplitCIFAR10,robust,smallcnn_v21_reference,256,0.5180370998382569,0.81896875,32000,0.777022924900055,0.743,8000,0.7689309434890748,0.7381,10000,True
8,SplitCIFAR10,robust,smallcnn_v21_reference,256,0.5168223738670349,0.818375,32000,0.7587050495147705,0.751,8000,0.7512943344116211,0.7502,10000,True
9,SplitCIFAR10,robust,smallcnn_v21_reference,256,0.5145070255994797,0.81959375,32000,0.7639525771141052,0.7505,8000,0.7569139205932617,0.7443,10000,True
10,SplitCIFAR10,robust,smallcnn_v21_reference,256,0.5145383757352829,0.82053125,32000,0.769529333114624,0.7485,8000,0.7637853899002075,0.7445,10000,True
11,SplitCIFAR10,robust,smallcnn_v21_reference,256,0.5114084720611572,0.82021875,32000,0.761675748348236,0.74975,8000,0.7535579997062684,0.7471,10000,True
12,SplitCIFAR10,robust,smallcnn_v21_reference,256,0.5107780147790909,0.82028125,32000,0.7577613320350647,0.75025,8000,0.7509056903839111,0.7457,10000,True
13,SplitCIFAR10,robust,smallcnn_v21_reference,256,0.5118276492357254,0.82234375,32000,0.7698938984870911,0.745125,8000,0.7624262790679932,0.7431,10000,True
14,SplitCIFAR10,robust,smallcnn_v21_reference,256,0.5101683192253113,0.82125,32000,0.7743600392341614,0.743625,8000,0.7663856969833374,0.7413,10000,True
0,SplitCIFAR10,robust,smallcnn_a1_aug_norm,256,0.2725796776115894,0.92125,32000,0.35440263855457305,0.87925,8000,0.3662452398300171,0.8772,10000,True
1,SplitCIFAR10,robust,smallcnn_a1_aug_norm,256,0.1799123328626156,0.9374375,32000,0.3614964205026627,0.881125,8000,0.37444768524169925,0.8782,10000,True
2,SplitCIFAR10,robust,smallcnn_a1_aug_norm,256,0.17181322664022447,0.9396875,32000,0.36210279643535614,0.884125,8000,0.3742711574077606,0.8803,10000,True
3,SplitCIFAR10,robust,smallcnn_a1_aug_norm,256,0.16665904565155507,0.94278125,32000,0.3723279869556427,0.88025,8000,0.3836867364883423,0.8776,10000,True
4,SplitCIFAR10,robust,smallcnn_a1_aug_norm,256,0.16445707556605338,0.942625,32000,0.37759183168411253,0.881625,8000,0.391961638879776,0.8769,10000,True
5,SplitCIFAR10,robust,smallcnn_a1_aug_norm,256,0.1612321330457926,0.94371875,32000,0.37837137579917907,0.880875,8000,0.3911353802680969,0.8779,10000,True
6,SplitCIFAR10,robust,smallcnn_a1_aug_norm,256,0.15858552156388758,0.9445,32000,0.3841445999145508,0.881125,8000,0.39851169452667234,0.8782,10000,True
7,SplitCIFAR10,robust,smallcnn_a1_aug_norm,256,0.15633832208812237,0.9453125,32000,0.3835581698417664,0.882125,8000,0.39707946481704715,0.8768,10000,True
8,SplitCIFAR10,robust,smallcnn_a1_aug_norm,256,0.15592023853957654,0.94575,32000,0.3821649886369705,0.883875,8000,0.3959868553638458,0.8771,10000,True
9,SplitCIFAR10,robust,smallcnn_a1_aug_norm,256,0.15384441098570822,0.9465,32000,0.39077582919597625,0.88,8000,0.4012582292556763,0.8763,10000,True
10,SplitCIFAR10,robust,smallcnn_a1_aug_norm,256,0.15270374587178231,0.9466875,32000,0.3943438146114349,0.882,8000,0.405420873260498,0.8755,10000,True
11,SplitCIFAR10,robust,smallcnn_a1_aug_norm,256,0.15182209739089012,0.9473125,32000,0.3947374625205994,0.882,8000,0.406462473487854,0.8762,10000,True
12,SplitCIFAR10,robust,smallcnn_a1_aug_norm,256,0.14999425928294657,0.94725,32000,0.39249496614933016,0.880625,8000,0.4063035972595215,0.8758,10000,True
13,SplitCIFAR10,robust,smallcnn_a1_aug_norm,256,0.1491651504933834,0.948125,32000,0.39891427958011627,0.88,8000,0.41035725312232973,0.876,10000,True
14,SplitCIFAR10,robust,smallcnn_a1_aug_norm,256,0.14825430892407895,0.94771875,32000,0.40510721170902253,0.879,8000,0.41991746678352354,0.8746,10000,True
15,SplitCIFAR10,robust,smallcnn_a1_aug_norm,256,0.14738128077983856,0.9483125,32000,0.40260540127754213,0.881375,8000,0.4148210523605347,0.8779,10000,True
16,SplitCIFAR10,robust,smallcnn_a1_aug_norm,256,0.1468818666189909,0.9490625,32000,0.4007439622879028,0.882625,8000,0.41227282228469847,0.8755,10000,True
17,SplitCIFAR10,robust,smallcnn_a1_aug_norm,256,0.1460442618727684,0.9484375,32000,0.40255536150932314,0.883125,8000,0.4142758155822754,0.8766,10000,True
18,SplitCIFAR10,robust,smallcnn_a1_aug_norm,256,0.14629718375205994,0.9474375,32000,0.4073487133383751,0.88175,8000,0.4199901526451111,0.8763,10000,True
19,SplitCIFAR10,robust,smallcnn_a1_aug_norm,256,0.14559060671925544,0.948875,32000,0.40981388676166536,0.87925,8000,0.4225171224117279,0.8759,10000,True
0,SplitCIFAR10,robust,resnet18_imagenet_frozen,512,0.7042736067771912,0.7753125,16000,0.4531102705001831,0.84725,4000,0.4688006908416748,0.8444,5000,True
1,SplitCIFAR10,robust,resnet18_imagenet_frozen,512,0.42214872097969053,0.8605625,16000,0.424203218460083,0.8545,4000,0.44601374473571775,0.8468,5000,True
2,SplitCIFAR10,robust,resnet18_imagenet_frozen,512,0.3771350638866425,0.87325,16000,0.4201120855808258,0.853,4000,0.4439436526298523,0.8464,5000,True
3,SplitCIFAR10,robust,resnet18_imagenet_frozen,512,0.3560218141078949,0.8809375,16000,0.38917307257652284,0.864,4000,0.4163140162944794,0.8558,5000,True
4,SplitCIFAR10,robust,resnet18_imagenet_frozen,512,0.3401659137010574,0.8858125,16000,0.3842644143104553,0.86575,4000,0.41287805824279783,0.8556,5000,True
5,SplitCIFAR10,robust,resnet18_imagenet_frozen,512,0.32866766226291655,0.8866875,16000,0.37868016773462293,0.869,4000,0.4069344660758972,0.8558,5000,True
6,SplitCIFAR10,robust,resnet18_imagenet_frozen,512,0.3215976587533951,0.891,16000,0.39504479098320006,0.86225,4000,0.4245819613456726,0.8538,5000,True
7,SplitCIFAR10,robust,resnet18_imagenet_frozen,512,0.3127518526315689,0.893125,16000,0.39143199944496154,0.86275,4000,0.42345709738731385,0.853,5000,True
8,SplitCIFAR10,robust,resnet18_imagenet_frozen,512,0.30313224530220034,0.8935,16000,0.4005020717382431,0.86675,4000,0.4190157210350037,0.8584,5000,True
9,SplitCIFAR10,robust,resnet18_imagenet_frozen,512,0.298082302570343,0.8955,16000,0.3937074295282364,0.863,4000,0.42796551628112794,0.8532,5000,True
10,SplitCIFAR10,robust,resnet18_imagenet_frozen,512,0.30047170317173005,0.897875,16000,0.41128706216812133,0.85125,4000,0.441727672624588,0.8478,5000,True
11,SplitCIFAR10,robust,resnet18_imagenet_frozen,512,0.29006158423423767,0.9015,16000,0.39000871443748475,0.86575,4000,0.41559290170669555,0.8572,5000,True
