seed,task_id,host,n_batches,mean_route_weight,mean_mutualistic_gain,mean_memory_risk,mean_expected_update_importance,mean_observed_update_allocation,mean_lsa_pearson,mean_lsa_cosine,suspicious_rate
0,0,H1,152,0.0027066827049709806,0.001102863019143155,0.0,0.0024308770259544635,0.002448598329835256,0.9188591473199201,0.9444799926214373,0.0
0,0,H2,152,0.00358011286643408,0.001237198822298293,0.0,0.003066989707560264,0.00295024898773524,0.9188591473199201,0.9444799926214373,0.0
0,0,H3,152,0.3926478515281097,0.3235378458944893,0.0,0.3845383284852797,0.31597537946630655,0.9188591473199201,0.9444799926214373,0.0
0,0,H4,152,0.590720212479171,0.553045759738489,0.0,0.6005925861192073,0.6582944762245563,0.9188591473199201,0.9444799926214373,0.0
0,0,H5,152,0.010345148086535597,0.005435759290438203,0.0,0.009371218661998337,0.02033129699156667,0.9188591473199201,0.9444799926214373,0.0
0,1,H3,152,0.01048221960311486,0.002396684007369105,0.010482219537934661,0.008572122056040193,0.2356649631283073,0.917089914126172,0.9317682268273387,1.0
0,1,H4,152,0.988447937526201,0.9862538067239237,0.9884479393760335,0.9905612956287453,0.7555656011965421,0.917089914126172,0.9317682268273387,1.0
0,1,H1,152,4.82305864968686e-05,5.780240339355243e-06,4.8230586502230134e-05,3.769030105105986e-05,0.00038702116248858545,0.917089914126172,0.9317682268273387,0.0
0,1,H2,152,0.0004068729046951459,-1.1987886770791172e-05,0.00040687290560457263,0.0003097922952417528,0.005457946080280726,0.917089914126172,0.9317682268273387,0.0
0,1,H5,152,0.000614737604074004,0.00022341053982810402,0.0006147375939250217,0.0005190997189216995,0.002924468432381323,0.917089914126172,0.9317682268273387,0.0
0,2,H4,152,0.3865671679377556,0.14811716663080565,0.38656716685442805,0.349833118952057,0.49041844840610804,0.5574673617514705,0.7553290571546518,0.7697368421052632
0,2,H3,152,0.14933600424831783,0.0365640014179906,0.14933600402831726,0.13061733551727583,0.2730541668778917,0.5574673617514705,0.7553290571546518,0.39473684210526316
0,2,H2,152,0.44032769345434836,0.3907072126843012,0.4403276939279434,0.4964154452237317,0.20738660517904772,0.5574673617514705,0.7553290571546518,0.34868421052631576
0,2,H1,152,0.017859140665821446,0.009038946280933031,0.01785914068418552,0.01722422186296745,0.017726757618981837,0.5574673617514705,0.7553290571546518,0.039473684210526314
0,2,H5,152,0.0059099945107223715,0.003252812327427143,0.005909994505125767,0.005909878443968011,0.011414021917970689,0.5574673617514705,0.7553290571546518,0.039473684210526314
0,3,H4,152,0.30313172210988243,0.046640958676027036,0.3031317220023786,0.26098153798844054,0.3593353411027424,0.6424596677455661,0.8705563458422365,0.7697368421052632
0,3,H2,152,0.2824722989707401,0.08593081287568478,0.2824722989884972,0.27364255327198306,0.30146165333188957,0.6424596677455661,0.8705563458422365,0.5855263157894737
0,3,H1,152,0.15044057729506963,0.11900541530354805,0.150440577071573,0.19115765117357322,0.10859294535334439,0.6424596677455661,0.8705563458422365,0.27631578947368424
0,3,H3,152,0.24981389998605377,0.10114274661845962,0.24981389988039956,0.25834494350161513,0.2128751800849555,0.6424596677455661,0.8705563458422365,0.2565789473684211
0,3,H5,152,0.014141502070216168,0.007800816729941055,0.014141502057151641,0.015873314064388015,0.01773488012706813,0.6424596677455661,0.8705563458422365,0.013157894736842105
0,4,H3,152,0.27695718946817677,0.10798365664933333,0.2769571884718359,0.27022524911199725,0.22979624604561702,0.44013533962053575,0.7106747101788464,0.7763157894736842
0,4,H2,152,0.4998284088888843,0.42904402877701425,0.499828406719129,0.5462636783880931,0.24637543383733923,0.44013533962053575,0.7106747101788464,0.7039473684210527
0,4,H1,152,0.03315510153525362,0.0027281487953162943,0.03315510144178179,0.02654291270714814,0.28141928604945177,0.44013533962053575,0.7106747101788464,0.6842105263157895
0,4,H4,152,0.1599663360240428,0.007761149119884138,0.1599663357296988,0.12800257530716166,0.20548295684970927,0.44013533962053575,0.7106747101788464,0.28289473684210525
0,4,H5,152,0.030092967772170118,0.012769272641734778,0.03009296763755445,0.028965584485599827,0.036926077217882686,0.44013533962053575,0.7106747101788464,0.17763157894736842
1,0,H1,152,0.017215138386267138,0.011209674645773481,0.0,0.017238780934835152,0.02483927074168027,0.8711237813994734,0.914514492743718,0.0
1,0,H2,152,0.4711641256550425,0.3988690791361331,0.0,0.47219518393198223,0.47028399109677005,0.8711237813994734,0.914514492743718,0.0
1,0,H3,152,0.006215249401784125,0.0026312226549891245,0.0,0.005832145412837498,0.005822726729658682,0.8711237813994734,0.914514492743718,0.0
1,0,H4,152,0.005379633217767389,0.0017901041568292896,0.0,0.004548328066043742,0.007074296620854634,0.8711237813994734,0.914514492743718,0.0
1,0,H5,152,0.5000258514559582,0.4258355997862371,0.0,0.5001855616543014,0.4919797148110363,0.8711237813994734,0.914514492743718,0.0
1,1,H2,152,0.9621206851382005,0.9512870101211737,0.9621206891583389,0.9702029538203734,0.5331381800661795,0.6634945755325471,0.7496546425026771,1.0
1,1,H5,152,0.031105279753989492,0.004518320209809713,0.031105279955395002,0.024642385507470162,0.4256131762037252,0.6634945755325471,0.7496546425026771,0.9868421052631579
1,1,H1,152,0.004323586765263156,0.00018021619482755431,0.004323586780882684,0.0033018941025603956,0.01608031785916335,0.6634945755325471,0.7496546425026771,0.019736842105263157
1,1,H3,152,0.0022391986700420986,-5.537094473128935e-05,0.002239198679611782,0.0016854137085291604,0.024790972128794296,0.6634945755325471,0.7496546425026771,0.006578947368421052
1,1,H4,152,0.00021124542494314818,2.840398029034031e-05,0.00021124542577159258,0.00016735286106683514,0.0003773537421376829,0.6634945755325471,0.7496546425026771,0.006578947368421052
1,2,H1,152,0.6471797545244428,0.6115972553602876,0.647179757159999,0.6852369037800362,0.29577862255968385,0.5426471593007954,0.7243417889388616,0.7039473684210527
1,2,H2,152,0.23640525734395182,0.08827796607437384,0.23640525992239417,0.21300078390595786,0.3828787677425781,0.5426471593007954,0.7243417889388616,0.631578947368421
1,2,H5,152,0.036160952828236316,-0.006566115643755879,0.03616095305742665,0.02737034058119621,0.2344376175586944,0.5426471593007954,0.7243417889388616,0.4605263157894737
1,2,H3,152,0.07117708058917503,0.03769420240622947,0.07117708085456367,0.06594477201645933,0.07865786830008303,0.5426471593007954,0.7243417889388616,0.4276315789473684
1,2,H4,152,0.009076948971931799,0.005024153587120923,0.00907694900561655,0.008447199716350365,0.00824712383896062,0.5426471593007954,0.7243417889388616,0.09868421052631579
1,3,H2,152,0.21012214985431024,-0.001727572708945329,0.21012214990348332,0.16619759755247787,0.24276534630138963,0.27174059093287944,0.6822009381856211,0.6973684210526315
1,3,H4,152,0.46827488227159175,0.4359701673440078,0.468274883353926,0.532194838404736,0.18171073813314945,0.27174059093287944,0.6822009381856211,0.6907894736842105
1,3,H1,152,0.17420388418739954,0.07030278571000918,0.1742038837506551,0.17248151748519822,0.29746337142015095,0.27174059093287944,0.6822009381856211,0.6776315789473685
1,3,H3,152,0.12091965277336146,0.04181628517406563,0.12091965276541466,0.10925011110803247,0.0916359961373571,0.27174059093287944,0.6822009381856211,0.5263157894736842
1,3,H5,152,0.02647943025160777,-0.0034146550781871065,0.026479430226520884,0.019875935449555345,0.18642454800795286,0.27174059093287944,0.6822009381856211,0.5131578947368421
1,4,H3,152,0.2851674604768816,0.20570797926526863,0.2851674617682675,0.30571342618606356,0.13143756800559778,0.1960143764893194,0.6922125974825338,0.8355263157894737
1,4,H1,152,0.43092258490229907,0.32111245574789743,0.43092258746355216,0.45638643496223397,0.23605325783599165,0.1960143764893194,0.6922125974825338,0.8223684210526315
1,4,H4,152,0.1446809805439491,0.027084675233200496,0.1446809807824523,0.12509557010568573,0.3224748472566013,0.1960143764893194,0.6922125974825338,0.5657894736842105
1,4,H5,152,0.098975685890764,0.0007940255265171763,0.09897568569645958,0.08260032137623756,0.1497937908162964,0.1960143764893194,0.6922125974825338,0.506578947368421
1,4,H2,152,0.0402532841176971,-0.010459218976945244,0.04025328428926844,0.030204247369779155,0.1602405360855129,0.1960143764893194,0.6922125974825338,0.4342105263157895
2,0,H3,152,0.3865794784536487,0.3295673921568576,0.0,0.3838754672495676,0.3192964900935918,0.9015659462288351,0.9412043159263606,0.006578947368421052
2,0,H1,152,0.005143463613900454,0.0024878298802602453,0.0,0.0049193360816976285,0.006350845713048604,0.9015659462288351,0.9412043159263606,0.0
2,0,H2,152,0.556580507245503,0.5110862565810431,0.0,0.5633802272435787,0.5859784671227933,0.9015659462288351,0.9412043159263606,0.0
2,0,H4,152,0.037863435805775225,0.023765156942743573,0.0,0.03515414829817894,0.06849215174256862,0.9015659462288351,0.9412043159263606,0.0
2,0,H5,152,0.013833117469115868,0.006901346991885357,0.0,0.012670821126976992,0.019882045327997633,0.9015659462288351,0.9412043159263606,0.0
2,1,H2,152,0.976027644386417,0.9736906530055439,0.976027645740196,0.9795361730171607,0.7634867826360857,0.9361332472897634,0.9461515562066471,1.0
2,1,H3,152,0.020897560487930223,0.0074365841337661245,0.02089756047957282,0.017634713972581307,0.22297128308886147,0.9361332472897634,0.9461515562066471,1.0
2,1,H1,152,7.720313401717392e-05,4.889602958341789e-05,7.720313360832454e-05,7.0852632006863e-05,0.0002159426489188204,0.9361332472897634,0.9461515562066471,0.0
2,1,H4,152,0.0022726829807460922,0.001674204092815769,0.0022726829603556967,0.002151860952783593,0.003856110115332762,0.9361332472897634,0.9461515562066471,0.0
2,1,H5,152,0.0007249076863301621,0.0002414260875462691,0.0007249076862671847,0.0006063994254675342,0.009469881510801179,0.9361332472897634,0.9461515562066471,0.0
2,2,H2,152,0.6104940854405102,0.36902370832436143,0.6104940855143509,0.578980269495336,0.6178813846615556,0.7356298651446331,0.8464861237751031,1.0
2,2,H5,152,0.32516087946102123,0.269183529722638,0.32516088061391235,0.36897097244455584,0.16203253107967183,0.7356298651446331,0.8464861237751031,0.40131578947368424
2,2,H3,152,0.04825355785463838,-0.0008385732942274643,0.04825355792449894,0.03698746473845894,0.19172175651808876,0.7356298651446331,0.8464861237751031,0.3157894736842105
2,2,H1,152,0.007891164386484505,0.004245944401255831,0.007891164418712937,0.007933794792644744,0.01701989592643323,0.7356298651446331,0.8464861237751031,0.013157894736842105
2,2,H4,152,0.008200311497746856,0.0021334665887901318,0.008200311528524904,0.007127498529004538,0.011344431814250492,0.7356298651446331,0.8464861237751031,0.013157894736842105
2,3,H2,152,0.31384152575935187,0.038898719092486794,0.3138415247641176,0.2631959286266773,0.3552974432856355,0.5167918997050638,0.7767163444899966,0.9144736842105263
2,3,H5,152,0.2636305272187057,0.05687651309996772,0.2636305264228627,0.24497131646467457,0.28966363993159305,0.5167918997050638,0.7767163444899966,0.506578947368421
2,3,H4,152,0.37340563846948116,0.315961320890914,0.3734056369056411,0.44929047352543305,0.17837997201596847,0.5167918997050638,0.7767163444899966,0.4407894736842105
2,3,H3,152,0.028025993403341425,-0.0010411608444346697,0.028025993281908534,0.02125815957534884,0.14577759981512844,0.5167918997050638,0.7767163444899966,0.19736842105263158
2,3,H1,152,0.02109631870897781,0.008977566224751597,0.021096318625470064,0.021284121807866357,0.030881344951674522,0.5167918997050638,0.7767163444899966,0.13157894736842105
2,4,H4,152,0.05586748069005185,-0.006619033560313104,0.05586748047941708,0.04235769903171142,0.3983795542015982,0.0037429402818562178,0.5016816902059379,0.8355263157894737
2,4,H5,152,0.5045428441984481,0.45144123501424716,0.5045428424648611,0.5435703817043144,0.14660103047287273,0.0037429402818562178,0.5016816902059379,0.7828947368421053
2,4,H3,152,0.19057176694715103,0.06444462278427407,0.19057176652243168,0.18098417885510265,0.11907207893828173,0.0037429402818562178,0.5016816902059379,0.7763157894736842
2,4,H1,152,0.07145704720230577,0.0504327535869278,0.07145704698446498,0.07483413138063873,0.03920326757731714,0.0037429402818562178,0.5016816902059379,0.7368421052631579
2,4,H2,152,0.17756086413895614,0.04564779227249117,0.17756086354882508,0.15825360902823282,0.2967440688099302,0.0037429402818562178,0.5016816902059379,0.6973684210526315
3,0,H1,152,0.00897413767688704,0.003584098333036084,0.0,0.008043563745457727,0.007590670603354081,0.883285999116381,0.9203549378609476,0.006578947368421052
3,0,H2,152,0.005123512607664644,0.0018511087164968419,0.0,0.004609162746702272,0.005038108238209401,0.883285999116381,0.9203549378609476,0.0
3,0,H3,152,0.4963085438664022,0.4295260983880862,0.0,0.4997986272214915,0.5734710596556439,0.883285999116381,0.9203549378609476,0.0
3,0,H4,152,0.485234532113138,0.4014079450974755,0.0,0.48355708870696484,0.40998932469295063,0.883285999116381,0.9203549378609476,0.0
3,0,H5,152,0.004359269520041141,0.0016961892552039553,0.0,0.003991557579383564,0.003910836809841914,0.883285999116381,0.9203549378609476,0.0
3,1,H3,152,0.9799848089092656,0.9739645261673724,0.9799848116599998,0.9837668271272277,0.6994576955234041,0.9114476116625506,0.923076941891065,1.0
3,1,H4,152,0.017540373899177404,0.004588687899357328,0.01754037381672033,0.01435988793208749,0.23880922405254387,0.9114476116625506,0.923076941891065,0.9473684210526315
3,1,H1,152,0.0018576077184087282,-0.0005410163719535419,0.0018576077258700013,0.0014050490886407898,0.05093448620719586,0.9114476116625506,0.923076941891065,0.0
3,1,H2,152,0.0004082831043445511,-6.669105750756283e-05,0.0004082831068448211,0.0003087625284763864,0.007591587375102064,0.9114476116625506,0.923076941891065,0.0
3,1,H5,152,0.000208923689342555,-2.1246978345994434e-05,0.00020892369056496214,0.0001594733235676085,0.00320700684175411,0.9114476116625506,0.923076941891065,0.0
3,2,H3,152,0.37350652842341286,0.11219952894360478,0.3735065303071673,0.3329542487038562,0.4466422407739844,0.30883402861960735,0.7986423348670536,0.9407894736842105
3,2,H2,152,0.25228526598986817,0.2258707899051848,0.25228526583444316,0.2888472076795406,0.1731040019018876,0.30883402861960735,0.7986423348670536,0.6578947368421053
3,2,H4,152,0.05153652601936636,-0.007468341450854792,0.051536526155351835,0.03904149893620836,0.1704137428996393,0.30883402861960735,0.7986423348670536,0.5592105263157895
3,2,H1,152,0.1959921650681951,0.14964996122351995,0.19599216508509007,0.21343951568701366,0.11999963833711828,0.30883402861960735,0.7986423348670536,0.5328947368421053
3,2,H5,152,0.12667951257102877,0.06328833678741083,0.12667951261794763,0.12571752899338118,0.08984037608737039,0.30883402861960735,0.7986423348670536,0.35526315789473684
3,3,H1,152,0.4294889285964401,0.33962058606210566,0.4294889291244523,0.47932549437790317,0.1732938740593929,-0.08387549237051448,0.672956434537172,0.9342105263157895
3,3,H5,152,0.1869902005909305,0.13227071929168693,0.1869902006643099,0.20589947383128362,0.13104838919765277,-0.08387549237051448,0.672956434537172,0.8092105263157895
3,3,H3,152,0.18711199675147472,-0.023128730204011873,0.18711199684848925,0.14417638626762685,0.3246042769666542,-0.08387549237051448,0.672956434537172,0.7828947368421053
3,3,H2,152,0.0917294065002352,0.021102068675332805,0.09172940652740207,0.0858347712645141,0.24387561474373845,-0.08387549237051448,0.672956434537172,0.7697368421052632
3,3,H4,152,0.1046794667889021,0.008497161073460326,0.1046794668353465,0.08476387425867228,0.1271778450325617,-0.08387549237051448,0.672956434537172,0.6513157894736842
3,4,H2,152,0.41257671136899216,0.29660368548254484,0.4125767110551525,0.4353979657525814,0.3637255911565747,0.5258356203257355,0.832520219506999,0.8881578947368421
3,4,H3,152,0.30455803282951055,0.19274657195641492,0.30455803262571707,0.31755151284167565,0.18302548522928241,0.5258356203257355,0.832520219506999,0.6973684210526315
3,4,H4,152,0.09900358801487048,0.026641394550238926,0.09900358774365692,0.09262114244964263,0.1231625127521978,0.5258356203257355,0.832520219506999,0.29605263157894735
3,4,H5,152,0.05474236589170208,0.01138978541496234,0.054742365851050134,0.047458864032582815,0.11989466848271081,0.5258356203257355,0.832520219506999,0.19078947368421054
3,4,H1,152,0.12911930278335748,0.0180724744582783,0.1291193027244234,0.10697051492351754,0.21019174237923427,0.5258356203257355,0.832520219506999,0.1513157894736842
4,0,H4,152,0.4997995784016032,0.4211246448617545,0.0,0.5044116620837644,0.5071771117884941,0.8754477475974527,0.9270687638799524,0.006578947368421052
4,0,H1,152,0.04668351171513725,0.028525954568018038,0.0,0.04516966893054156,0.07927909409962297,0.8754477475974527,0.9270687638799524,0.0
4,0,H2,152,0.4009893079239287,0.3304639317127383,0.0,0.39988524534951736,0.34338340149417496,0.8754477475974527,0.9270687638799524,0.0
4,0,H3,152,0.04529142070953783,0.030762449750880015,0.0,0.0437860045513361,0.06147854934526781,0.8754477475974527,0.9270687638799524,0.0
4,0,H5,152,0.007236182620736623,0.00330853652603703,0.0,0.006747419084840592,0.008681843272440154,0.8754477475974527,0.9270687638799524,0.0
4,1,H4,152,0.9822730453390824,0.9787320941028679,0.9822730457943187,0.9852489539137624,0.7218603983225895,0.9150665506067326,0.9273721913364821,1.0
4,1,H2,152,0.01024470012213753,0.0028658374399953405,0.010244700071104076,0.00849052022771432,0.22354380445592414,0.9150665506067326,0.9273721913364821,0.8881578947368421
4,1,H3,152,0.004633196087333521,0.0014136982445003931,0.004633196058016735,0.003910207825581619,0.02911103595472866,0.9150665506067326,0.9273721913364821,0.019736842105263157
4,1,H1,152,0.002450711514125272,0.0006096626180392633,0.002450711467802651,0.002001251137539005,0.022610896256010413,0.9150665506067326,0.9273721913364821,0.006578947368421052
4,1,H5,152,0.00039834661227264166,0.0001924703390900949,0.0003983466087578489,0.0003490668954026465,0.0028738650107472128,0.9150665506067326,0.9273721913364821,0.0
4,2,H1,152,0.4737664120873792,0.421620048181052,0.4737664139745476,0.5195219562082085,0.21733289188709096,0.36184137065297284,0.7071461395294348,0.8223684210526315
4,2,H4,152,0.2731861407672496,0.10391093374066011,0.2731861421036156,0.24723896240061527,0.39874626852542666,0.36184137065297284,0.7071461395294348,0.6907894736842105
4,2,H3,152,0.1915956475246563,0.11344633314568942,0.1915956482642858,0.18688531761798222,0.1070686513069246,0.36184137065297284,0.7071461395294348,0.5855263157894737
4,2,H2,152,0.03975660483181281,-0.008510318989477583,0.039756604882537266,0.02987454553523347,0.20603968762377547,0.36184137065297284,0.7071461395294348,0.5526315789473685
4,2,H5,152,0.021695190695984485,8.674309907020421e-05,0.02169519077501376,0.016479218237960516,0.07081250065678228,0.36184137065297284,0.7071461395294348,0.3355263157894737
4,3,H1,152,0.11339941209084109,0.020128769090301767,0.11339941167141938,0.10177227546203732,0.44458661759216317,-0.0162334714310172,0.5657307382902538,0.8947368421052632
4,3,H3,152,0.3005557724911916,0.146053024865866,0.3005557728340749,0.2935848618467551,0.13694383219000753,-0.0162334714310172,0.5657307382902538,0.8486842105263158
4,3,H5,152,0.397240600818278,0.33944128012192826,0.3972406022839044,0.43967117917029297,0.1796442715154025,-0.0162334714310172,0.5657307382902538,0.8421052631578947
4,3,H2,152,0.034283701250770765,-0.007966586665672326,0.03428370128862199,0.025712775966466494,0.11908548869432078,-0.0162334714310172,0.5657307382902538,0.6776315789473685
4,3,H4,152,0.1545205117742482,0.049129086777668834,0.15452051192197924,0.13925890755444828,0.11973979000810606,-0.0162334714310172,0.5657307382902538,0.6447368421052632
4,4,H1,152,0.400126554562073,0.1695862649178824,0.40012655525960644,0.3963822637223487,0.2704077139936145,0.4878360675049553,0.8187122434470467,0.7960526315789473
4,4,H5,152,0.33315293765381765,0.21188328242338605,0.33315293809245367,0.38422421848010646,0.23379639588388823,0.4878360675049553,0.8187122434470467,0.7894736842105263
4,4,H3,152,0.048979088811105805,-0.008122023027952688,0.04897908887852757,0.038509907281414325,0.1897691101092438,0.4878360675049553,0.8187122434470467,0.4605263157894737
4,4,H2,152,0.09802312261768077,0.004117367032142267,0.09802312284753398,0.083097647566737,0.1672496866282296,0.4878360675049553,0.8187122434470467,0.34210526315789475
4,4,H4,152,0.11971829473776252,0.010800038362602045,0.11971829492187835,0.09778596294939353,0.13877709338502395,0.4878360675049553,0.8187122434470467,0.18421052631578946
