seed,after_task,task_id,ablation,acc,delta_vs_none,n_items,audit_only,specialization_audit_target_variant,specialization_audit_target_method,specialization_audit_target_policy_family,specialization_audit_model_source,specialization_audit_aligned_to_selected_candidate,specialization_audit_diagnostic_only,host_id
0,4,0,none,0.92578125,0.0,512,True,proto_global_no_repair,paired_proto_global_no_repair,proto_no_repair,selected_policy_candidate,True,True,
0,4,0,ablate_host0,0.92578125,0.0,512,True,proto_global_no_repair,paired_proto_global_no_repair,proto_no_repair,selected_policy_candidate,True,True,0.0
0,4,0,ablate_host1,0.927734375,0.001953125,512,True,proto_global_no_repair,paired_proto_global_no_repair,proto_no_repair,selected_policy_candidate,True,True,1.0
0,4,0,ablate_host2,0.36328125,-0.5625,512,True,proto_global_no_repair,paired_proto_global_no_repair,proto_no_repair,selected_policy_candidate,True,True,2.0
0,4,0,ablate_host3,0.908203125,-0.017578125,512,True,proto_global_no_repair,paired_proto_global_no_repair,proto_no_repair,selected_policy_candidate,True,True,3.0
0,4,0,ablate_host4,0.89453125,-0.03125,512,True,proto_global_no_repair,paired_proto_global_no_repair,proto_no_repair,selected_policy_candidate,True,True,4.0
0,4,1,none,0.8515625,0.0,512,True,proto_global_no_repair,paired_proto_global_no_repair,proto_no_repair,selected_policy_candidate,True,True,
0,4,1,ablate_host0,0.849609375,-0.001953125,512,True,proto_global_no_repair,paired_proto_global_no_repair,proto_no_repair,selected_policy_candidate,True,True,0.0
0,4,1,ablate_host1,0.8515625,0.0,512,True,proto_global_no_repair,paired_proto_global_no_repair,proto_no_repair,selected_policy_candidate,True,True,1.0
0,4,1,ablate_host2,0.84765625,-0.00390625,512,True,proto_global_no_repair,paired_proto_global_no_repair,proto_no_repair,selected_policy_candidate,True,True,2.0
0,4,1,ablate_host3,0.001953125,-0.849609375,512,True,proto_global_no_repair,paired_proto_global_no_repair,proto_no_repair,selected_policy_candidate,True,True,3.0
0,4,1,ablate_host4,0.845703125,-0.005859375,512,True,proto_global_no_repair,paired_proto_global_no_repair,proto_no_repair,selected_policy_candidate,True,True,4.0
0,4,2,none,0.91015625,0.0,512,True,proto_global_no_repair,paired_proto_global_no_repair,proto_no_repair,selected_policy_candidate,True,True,
0,4,2,ablate_host0,0.90625,-0.00390625,512,True,proto_global_no_repair,paired_proto_global_no_repair,proto_no_repair,selected_policy_candidate,True,True,0.0
0,4,2,ablate_host1,0.072265625,-0.837890625,512,True,proto_global_no_repair,paired_proto_global_no_repair,proto_no_repair,selected_policy_candidate,True,True,1.0
0,4,2,ablate_host2,0.806640625,-0.103515625,512,True,proto_global_no_repair,paired_proto_global_no_repair,proto_no_repair,selected_policy_candidate,True,True,2.0
0,4,2,ablate_host3,0.90625,-0.00390625,512,True,proto_global_no_repair,paired_proto_global_no_repair,proto_no_repair,selected_policy_candidate,True,True,3.0
0,4,2,ablate_host4,0.91015625,0.0,512,True,proto_global_no_repair,paired_proto_global_no_repair,proto_no_repair,selected_policy_candidate,True,True,4.0
0,4,3,none,0.9453125,0.0,512,True,proto_global_no_repair,paired_proto_global_no_repair,proto_no_repair,selected_policy_candidate,True,True,
0,4,3,ablate_host0,0.490234375,-0.455078125,512,True,proto_global_no_repair,paired_proto_global_no_repair,proto_no_repair,selected_policy_candidate,True,True,0.0
0,4,3,ablate_host1,0.939453125,-0.005859375,512,True,proto_global_no_repair,paired_proto_global_no_repair,proto_no_repair,selected_policy_candidate,True,True,1.0
0,4,3,ablate_host2,0.955078125,0.009765625,512,True,proto_global_no_repair,paired_proto_global_no_repair,proto_no_repair,selected_policy_candidate,True,True,2.0
0,4,3,ablate_host3,0.943359375,-0.001953125,512,True,proto_global_no_repair,paired_proto_global_no_repair,proto_no_repair,selected_policy_candidate,True,True,3.0
0,4,3,ablate_host4,0.939453125,-0.005859375,512,True,proto_global_no_repair,paired_proto_global_no_repair,proto_no_repair,selected_policy_candidate,True,True,4.0
0,4,4,none,0.943359375,0.0,512,True,proto_global_no_repair,paired_proto_global_no_repair,proto_no_repair,selected_policy_candidate,True,True,
0,4,4,ablate_host0,0.93359375,-0.009765625,512,True,proto_global_no_repair,paired_proto_global_no_repair,proto_no_repair,selected_policy_candidate,True,True,0.0
0,4,4,ablate_host1,0.0,-0.943359375,512,True,proto_global_no_repair,paired_proto_global_no_repair,proto_no_repair,selected_policy_candidate,True,True,1.0
0,4,4,ablate_host2,0.9296875,-0.013671875,512,True,proto_global_no_repair,paired_proto_global_no_repair,proto_no_repair,selected_policy_candidate,True,True,2.0
0,4,4,ablate_host3,0.9453125,0.001953125,512,True,proto_global_no_repair,paired_proto_global_no_repair,proto_no_repair,selected_policy_candidate,True,True,3.0
0,4,4,ablate_host4,0.9453125,0.001953125,512,True,proto_global_no_repair,paired_proto_global_no_repair,proto_no_repair,selected_policy_candidate,True,True,4.0
1,4,0,none,0.9453125,0.0,512,True,context_gap_safe_class_balanced_readout_calibrated,paired_context_gap_safe_class_balanced_readout_calibrated,other,selected_policy_candidate,True,True,
1,4,0,ablate_host0,0.951171875,0.005859375,512,True,context_gap_safe_class_balanced_readout_calibrated,paired_context_gap_safe_class_balanced_readout_calibrated,other,selected_policy_candidate,True,True,0.0
1,4,0,ablate_host1,0.9453125,0.0,512,True,context_gap_safe_class_balanced_readout_calibrated,paired_context_gap_safe_class_balanced_readout_calibrated,other,selected_policy_candidate,True,True,1.0
1,4,0,ablate_host2,0.955078125,0.009765625,512,True,context_gap_safe_class_balanced_readout_calibrated,paired_context_gap_safe_class_balanced_readout_calibrated,other,selected_policy_candidate,True,True,2.0
1,4,0,ablate_host3,0.9453125,0.0,512,True,context_gap_safe_class_balanced_readout_calibrated,paired_context_gap_safe_class_balanced_readout_calibrated,other,selected_policy_candidate,True,True,3.0
1,4,0,ablate_host4,0.001953125,-0.943359375,512,True,context_gap_safe_class_balanced_readout_calibrated,paired_context_gap_safe_class_balanced_readout_calibrated,other,selected_policy_candidate,True,True,4.0
1,4,1,none,0.822265625,0.0,512,True,context_gap_safe_class_balanced_readout_calibrated,paired_context_gap_safe_class_balanced_readout_calibrated,other,selected_policy_candidate,True,True,
1,4,1,ablate_host0,0.822265625,0.0,512,True,context_gap_safe_class_balanced_readout_calibrated,paired_context_gap_safe_class_balanced_readout_calibrated,other,selected_policy_candidate,True,True,0.0
1,4,1,ablate_host1,0.0,-0.822265625,512,True,context_gap_safe_class_balanced_readout_calibrated,paired_context_gap_safe_class_balanced_readout_calibrated,other,selected_policy_candidate,True,True,1.0
1,4,1,ablate_host2,0.82421875,0.001953125,512,True,context_gap_safe_class_balanced_readout_calibrated,paired_context_gap_safe_class_balanced_readout_calibrated,other,selected_policy_candidate,True,True,2.0
1,4,1,ablate_host3,0.826171875,0.00390625,512,True,context_gap_safe_class_balanced_readout_calibrated,paired_context_gap_safe_class_balanced_readout_calibrated,other,selected_policy_candidate,True,True,3.0
1,4,1,ablate_host4,0.822265625,0.0,512,True,context_gap_safe_class_balanced_readout_calibrated,paired_context_gap_safe_class_balanced_readout_calibrated,other,selected_policy_candidate,True,True,4.0
1,4,2,none,0.88671875,0.0,512,True,context_gap_safe_class_balanced_readout_calibrated,paired_context_gap_safe_class_balanced_readout_calibrated,other,selected_policy_candidate,True,True,
1,4,2,ablate_host0,0.0,-0.88671875,512,True,context_gap_safe_class_balanced_readout_calibrated,paired_context_gap_safe_class_balanced_readout_calibrated,other,selected_policy_candidate,True,True,0.0
1,4,2,ablate_host1,0.88671875,0.0,512,True,context_gap_safe_class_balanced_readout_calibrated,paired_context_gap_safe_class_balanced_readout_calibrated,other,selected_policy_candidate,True,True,1.0
1,4,2,ablate_host2,0.8984375,0.01171875,512,True,context_gap_safe_class_balanced_readout_calibrated,paired_context_gap_safe_class_balanced_readout_calibrated,other,selected_policy_candidate,True,True,2.0
1,4,2,ablate_host3,0.88671875,0.0,512,True,context_gap_safe_class_balanced_readout_calibrated,paired_context_gap_safe_class_balanced_readout_calibrated,other,selected_policy_candidate,True,True,3.0
1,4,2,ablate_host4,0.88671875,0.0,512,True,context_gap_safe_class_balanced_readout_calibrated,paired_context_gap_safe_class_balanced_readout_calibrated,other,selected_policy_candidate,True,True,4.0
1,4,3,none,0.958984375,0.0,512,True,context_gap_safe_class_balanced_readout_calibrated,paired_context_gap_safe_class_balanced_readout_calibrated,other,selected_policy_candidate,True,True,
1,4,3,ablate_host0,0.958984375,0.0,512,True,context_gap_safe_class_balanced_readout_calibrated,paired_context_gap_safe_class_balanced_readout_calibrated,other,selected_policy_candidate,True,True,0.0
1,4,3,ablate_host1,0.9609375,0.001953125,512,True,context_gap_safe_class_balanced_readout_calibrated,paired_context_gap_safe_class_balanced_readout_calibrated,other,selected_policy_candidate,True,True,1.0
1,4,3,ablate_host2,0.95703125,-0.001953125,512,True,context_gap_safe_class_balanced_readout_calibrated,paired_context_gap_safe_class_balanced_readout_calibrated,other,selected_policy_candidate,True,True,2.0
1,4,3,ablate_host3,0.369140625,-0.58984375,512,True,context_gap_safe_class_balanced_readout_calibrated,paired_context_gap_safe_class_balanced_readout_calibrated,other,selected_policy_candidate,True,True,3.0
1,4,3,ablate_host4,0.958984375,0.0,512,True,context_gap_safe_class_balanced_readout_calibrated,paired_context_gap_safe_class_balanced_readout_calibrated,other,selected_policy_candidate,True,True,4.0
1,4,4,none,0.939453125,0.0,512,True,context_gap_safe_class_balanced_readout_calibrated,paired_context_gap_safe_class_balanced_readout_calibrated,other,selected_policy_candidate,True,True,
1,4,4,ablate_host0,0.85546875,-0.083984375,512,True,context_gap_safe_class_balanced_readout_calibrated,paired_context_gap_safe_class_balanced_readout_calibrated,other,selected_policy_candidate,True,True,0.0
1,4,4,ablate_host1,0.939453125,0.0,512,True,context_gap_safe_class_balanced_readout_calibrated,paired_context_gap_safe_class_balanced_readout_calibrated,other,selected_policy_candidate,True,True,1.0
1,4,4,ablate_host2,0.47265625,-0.466796875,512,True,context_gap_safe_class_balanced_readout_calibrated,paired_context_gap_safe_class_balanced_readout_calibrated,other,selected_policy_candidate,True,True,2.0
1,4,4,ablate_host3,0.94140625,0.001953125,512,True,context_gap_safe_class_balanced_readout_calibrated,paired_context_gap_safe_class_balanced_readout_calibrated,other,selected_policy_candidate,True,True,3.0
1,4,4,ablate_host4,0.939453125,0.0,512,True,context_gap_safe_class_balanced_readout_calibrated,paired_context_gap_safe_class_balanced_readout_calibrated,other,selected_policy_candidate,True,True,4.0
2,4,0,none,0.9296875,0.0,512,True,context_temp_blend_selected_head_guard_035,paired_context_temp_blend_selected_head_guard_035,rc1b_guarded_context_gap,selected_policy_candidate,True,True,
2,4,0,ablate_host0,0.923828125,-0.005859375,512,True,context_temp_blend_selected_head_guard_035,paired_context_temp_blend_selected_head_guard_035,rc1b_guarded_context_gap,selected_policy_candidate,True,True,0.0
2,4,0,ablate_host1,0.93359375,0.00390625,512,True,context_temp_blend_selected_head_guard_035,paired_context_temp_blend_selected_head_guard_035,rc1b_guarded_context_gap,selected_policy_candidate,True,True,1.0
2,4,0,ablate_host2,0.236328125,-0.693359375,512,True,context_temp_blend_selected_head_guard_035,paired_context_temp_blend_selected_head_guard_035,rc1b_guarded_context_gap,selected_policy_candidate,True,True,2.0
2,4,0,ablate_host3,0.9296875,0.0,512,True,context_temp_blend_selected_head_guard_035,paired_context_temp_blend_selected_head_guard_035,rc1b_guarded_context_gap,selected_policy_candidate,True,True,3.0
2,4,0,ablate_host4,0.91796875,-0.01171875,512,True,context_temp_blend_selected_head_guard_035,paired_context_temp_blend_selected_head_guard_035,rc1b_guarded_context_gap,selected_policy_candidate,True,True,4.0
2,4,1,none,0.85546875,0.0,512,True,context_temp_blend_selected_head_guard_035,paired_context_temp_blend_selected_head_guard_035,rc1b_guarded_context_gap,selected_policy_candidate,True,True,
2,4,1,ablate_host0,0.85546875,0.0,512,True,context_temp_blend_selected_head_guard_035,paired_context_temp_blend_selected_head_guard_035,rc1b_guarded_context_gap,selected_policy_candidate,True,True,0.0
2,4,1,ablate_host1,0.001953125,-0.853515625,512,True,context_temp_blend_selected_head_guard_035,paired_context_temp_blend_selected_head_guard_035,rc1b_guarded_context_gap,selected_policy_candidate,True,True,1.0
2,4,1,ablate_host2,0.85546875,0.0,512,True,context_temp_blend_selected_head_guard_035,paired_context_temp_blend_selected_head_guard_035,rc1b_guarded_context_gap,selected_policy_candidate,True,True,2.0
2,4,1,ablate_host3,0.85546875,0.0,512,True,context_temp_blend_selected_head_guard_035,paired_context_temp_blend_selected_head_guard_035,rc1b_guarded_context_gap,selected_policy_candidate,True,True,3.0
2,4,1,ablate_host4,0.85546875,0.0,512,True,context_temp_blend_selected_head_guard_035,paired_context_temp_blend_selected_head_guard_035,rc1b_guarded_context_gap,selected_policy_candidate,True,True,4.0
2,4,2,none,0.849609375,0.0,512,True,context_temp_blend_selected_head_guard_035,paired_context_temp_blend_selected_head_guard_035,rc1b_guarded_context_gap,selected_policy_candidate,True,True,
2,4,2,ablate_host0,0.830078125,-0.01953125,512,True,context_temp_blend_selected_head_guard_035,paired_context_temp_blend_selected_head_guard_035,rc1b_guarded_context_gap,selected_policy_candidate,True,True,0.0
2,4,2,ablate_host1,0.8359375,-0.013671875,512,True,context_temp_blend_selected_head_guard_035,paired_context_temp_blend_selected_head_guard_035,rc1b_guarded_context_gap,selected_policy_candidate,True,True,1.0
2,4,2,ablate_host2,0.853515625,0.00390625,512,True,context_temp_blend_selected_head_guard_035,paired_context_temp_blend_selected_head_guard_035,rc1b_guarded_context_gap,selected_policy_candidate,True,True,2.0
2,4,2,ablate_host3,0.81640625,-0.033203125,512,True,context_temp_blend_selected_head_guard_035,paired_context_temp_blend_selected_head_guard_035,rc1b_guarded_context_gap,selected_policy_candidate,True,True,3.0
2,4,2,ablate_host4,0.634765625,-0.21484375,512,True,context_temp_blend_selected_head_guard_035,paired_context_temp_blend_selected_head_guard_035,rc1b_guarded_context_gap,selected_policy_candidate,True,True,4.0
2,4,3,none,0.951171875,0.0,512,True,context_temp_blend_selected_head_guard_035,paired_context_temp_blend_selected_head_guard_035,rc1b_guarded_context_gap,selected_policy_candidate,True,True,
2,4,3,ablate_host0,0.94921875,-0.001953125,512,True,context_temp_blend_selected_head_guard_035,paired_context_temp_blend_selected_head_guard_035,rc1b_guarded_context_gap,selected_policy_candidate,True,True,0.0
2,4,3,ablate_host1,0.9609375,0.009765625,512,True,context_temp_blend_selected_head_guard_035,paired_context_temp_blend_selected_head_guard_035,rc1b_guarded_context_gap,selected_policy_candidate,True,True,1.0
2,4,3,ablate_host2,0.951171875,0.0,512,True,context_temp_blend_selected_head_guard_035,paired_context_temp_blend_selected_head_guard_035,rc1b_guarded_context_gap,selected_policy_candidate,True,True,2.0
2,4,3,ablate_host3,0.109375,-0.841796875,512,True,context_temp_blend_selected_head_guard_035,paired_context_temp_blend_selected_head_guard_035,rc1b_guarded_context_gap,selected_policy_candidate,True,True,3.0
2,4,3,ablate_host4,0.9453125,-0.005859375,512,True,context_temp_blend_selected_head_guard_035,paired_context_temp_blend_selected_head_guard_035,rc1b_guarded_context_gap,selected_policy_candidate,True,True,4.0
2,4,4,none,0.935546875,0.0,512,True,context_temp_blend_selected_head_guard_035,paired_context_temp_blend_selected_head_guard_035,rc1b_guarded_context_gap,selected_policy_candidate,True,True,
2,4,4,ablate_host0,0.87890625,-0.056640625,512,True,context_temp_blend_selected_head_guard_035,paired_context_temp_blend_selected_head_guard_035,rc1b_guarded_context_gap,selected_policy_candidate,True,True,0.0
2,4,4,ablate_host1,0.9375,0.001953125,512,True,context_temp_blend_selected_head_guard_035,paired_context_temp_blend_selected_head_guard_035,rc1b_guarded_context_gap,selected_policy_candidate,True,True,1.0
2,4,4,ablate_host2,0.9375,0.001953125,512,True,context_temp_blend_selected_head_guard_035,paired_context_temp_blend_selected_head_guard_035,rc1b_guarded_context_gap,selected_policy_candidate,True,True,2.0
2,4,4,ablate_host3,0.939453125,0.00390625,512,True,context_temp_blend_selected_head_guard_035,paired_context_temp_blend_selected_head_guard_035,rc1b_guarded_context_gap,selected_policy_candidate,True,True,3.0
2,4,4,ablate_host4,0.423828125,-0.51171875,512,True,context_temp_blend_selected_head_guard_035,paired_context_temp_blend_selected_head_guard_035,rc1b_guarded_context_gap,selected_policy_candidate,True,True,4.0
3,4,0,none,0.96484375,0.0,512,True,context_gap_safe_class_balanced_readout_calibrated,paired_context_gap_safe_class_balanced_readout_calibrated,other,selected_policy_candidate,True,True,
3,4,0,ablate_host0,0.962890625,-0.001953125,512,True,context_gap_safe_class_balanced_readout_calibrated,paired_context_gap_safe_class_balanced_readout_calibrated,other,selected_policy_candidate,True,True,0.0
3,4,0,ablate_host1,0.9609375,-0.00390625,512,True,context_gap_safe_class_balanced_readout_calibrated,paired_context_gap_safe_class_balanced_readout_calibrated,other,selected_policy_candidate,True,True,1.0
3,4,0,ablate_host2,0.958984375,-0.005859375,512,True,context_gap_safe_class_balanced_readout_calibrated,paired_context_gap_safe_class_balanced_readout_calibrated,other,selected_policy_candidate,True,True,2.0
3,4,0,ablate_host3,0.009765625,-0.955078125,512,True,context_gap_safe_class_balanced_readout_calibrated,paired_context_gap_safe_class_balanced_readout_calibrated,other,selected_policy_candidate,True,True,3.0
3,4,0,ablate_host4,0.95703125,-0.0078125,512,True,context_gap_safe_class_balanced_readout_calibrated,paired_context_gap_safe_class_balanced_readout_calibrated,other,selected_policy_candidate,True,True,4.0
3,4,1,none,0.84375,0.0,512,True,context_gap_safe_class_balanced_readout_calibrated,paired_context_gap_safe_class_balanced_readout_calibrated,other,selected_policy_candidate,True,True,
3,4,1,ablate_host0,0.84375,0.0,512,True,context_gap_safe_class_balanced_readout_calibrated,paired_context_gap_safe_class_balanced_readout_calibrated,other,selected_policy_candidate,True,True,0.0
3,4,1,ablate_host1,0.84375,0.0,512,True,context_gap_safe_class_balanced_readout_calibrated,paired_context_gap_safe_class_balanced_readout_calibrated,other,selected_policy_candidate,True,True,1.0
3,4,1,ablate_host2,0.0,-0.84375,512,True,context_gap_safe_class_balanced_readout_calibrated,paired_context_gap_safe_class_balanced_readout_calibrated,other,selected_policy_candidate,True,True,2.0
3,4,1,ablate_host3,0.84375,0.0,512,True,context_gap_safe_class_balanced_readout_calibrated,paired_context_gap_safe_class_balanced_readout_calibrated,other,selected_policy_candidate,True,True,3.0
3,4,1,ablate_host4,0.84765625,0.00390625,512,True,context_gap_safe_class_balanced_readout_calibrated,paired_context_gap_safe_class_balanced_readout_calibrated,other,selected_policy_candidate,True,True,4.0
3,4,2,none,0.890625,0.0,512,True,context_gap_safe_class_balanced_readout_calibrated,paired_context_gap_safe_class_balanced_readout_calibrated,other,selected_policy_candidate,True,True,
3,4,2,ablate_host0,0.8984375,0.0078125,512,True,context_gap_safe_class_balanced_readout_calibrated,paired_context_gap_safe_class_balanced_readout_calibrated,other,selected_policy_candidate,True,True,0.0
3,4,2,ablate_host1,0.005859375,-0.884765625,512,True,context_gap_safe_class_balanced_readout_calibrated,paired_context_gap_safe_class_balanced_readout_calibrated,other,selected_policy_candidate,True,True,1.0
3,4,2,ablate_host2,0.890625,0.0,512,True,context_gap_safe_class_balanced_readout_calibrated,paired_context_gap_safe_class_balanced_readout_calibrated,other,selected_policy_candidate,True,True,2.0
3,4,2,ablate_host3,0.890625,0.0,512,True,context_gap_safe_class_balanced_readout_calibrated,paired_context_gap_safe_class_balanced_readout_calibrated,other,selected_policy_candidate,True,True,3.0
3,4,2,ablate_host4,0.89453125,0.00390625,512,True,context_gap_safe_class_balanced_readout_calibrated,paired_context_gap_safe_class_balanced_readout_calibrated,other,selected_policy_candidate,True,True,4.0
3,4,3,none,0.95703125,0.0,512,True,context_gap_safe_class_balanced_readout_calibrated,paired_context_gap_safe_class_balanced_readout_calibrated,other,selected_policy_candidate,True,True,
3,4,3,ablate_host0,0.482421875,-0.474609375,512,True,context_gap_safe_class_balanced_readout_calibrated,paired_context_gap_safe_class_balanced_readout_calibrated,other,selected_policy_candidate,True,True,0.0
3,4,3,ablate_host1,0.95703125,0.0,512,True,context_gap_safe_class_balanced_readout_calibrated,paired_context_gap_safe_class_balanced_readout_calibrated,other,selected_policy_candidate,True,True,1.0
3,4,3,ablate_host2,0.962890625,0.005859375,512,True,context_gap_safe_class_balanced_readout_calibrated,paired_context_gap_safe_class_balanced_readout_calibrated,other,selected_policy_candidate,True,True,2.0
3,4,3,ablate_host3,0.95703125,0.0,512,True,context_gap_safe_class_balanced_readout_calibrated,paired_context_gap_safe_class_balanced_readout_calibrated,other,selected_policy_candidate,True,True,3.0
3,4,3,ablate_host4,0.791015625,-0.166015625,512,True,context_gap_safe_class_balanced_readout_calibrated,paired_context_gap_safe_class_balanced_readout_calibrated,other,selected_policy_candidate,True,True,4.0
3,4,4,none,0.908203125,0.0,512,True,context_gap_safe_class_balanced_readout_calibrated,paired_context_gap_safe_class_balanced_readout_calibrated,other,selected_policy_candidate,True,True,
3,4,4,ablate_host0,0.900390625,-0.0078125,512,True,context_gap_safe_class_balanced_readout_calibrated,paired_context_gap_safe_class_balanced_readout_calibrated,other,selected_policy_candidate,True,True,0.0
3,4,4,ablate_host1,0.595703125,-0.3125,512,True,context_gap_safe_class_balanced_readout_calibrated,paired_context_gap_safe_class_balanced_readout_calibrated,other,selected_policy_candidate,True,True,1.0
3,4,4,ablate_host2,0.62890625,-0.279296875,512,True,context_gap_safe_class_balanced_readout_calibrated,paired_context_gap_safe_class_balanced_readout_calibrated,other,selected_policy_candidate,True,True,2.0
3,4,4,ablate_host3,0.90625,-0.001953125,512,True,context_gap_safe_class_balanced_readout_calibrated,paired_context_gap_safe_class_balanced_readout_calibrated,other,selected_policy_candidate,True,True,3.0
3,4,4,ablate_host4,0.8984375,-0.009765625,512,True,context_gap_safe_class_balanced_readout_calibrated,paired_context_gap_safe_class_balanced_readout_calibrated,other,selected_policy_candidate,True,True,4.0
4,4,0,none,0.94921875,0.0,512,True,context_gap_safe_class_balanced_readout_calibrated,paired_context_gap_safe_class_balanced_readout_calibrated,other,selected_policy_candidate,True,True,
4,4,0,ablate_host0,0.9453125,-0.00390625,512,True,context_gap_safe_class_balanced_readout_calibrated,paired_context_gap_safe_class_balanced_readout_calibrated,other,selected_policy_candidate,True,True,0.0
4,4,0,ablate_host1,0.0,-0.94921875,512,True,context_gap_safe_class_balanced_readout_calibrated,paired_context_gap_safe_class_balanced_readout_calibrated,other,selected_policy_candidate,True,True,1.0
4,4,0,ablate_host2,0.94921875,0.0,512,True,context_gap_safe_class_balanced_readout_calibrated,paired_context_gap_safe_class_balanced_readout_calibrated,other,selected_policy_candidate,True,True,2.0
4,4,0,ablate_host3,0.947265625,-0.001953125,512,True,context_gap_safe_class_balanced_readout_calibrated,paired_context_gap_safe_class_balanced_readout_calibrated,other,selected_policy_candidate,True,True,3.0
4,4,0,ablate_host4,0.93359375,-0.015625,512,True,context_gap_safe_class_balanced_readout_calibrated,paired_context_gap_safe_class_balanced_readout_calibrated,other,selected_policy_candidate,True,True,4.0
4,4,1,none,0.8671875,0.0,512,True,context_gap_safe_class_balanced_readout_calibrated,paired_context_gap_safe_class_balanced_readout_calibrated,other,selected_policy_candidate,True,True,
4,4,1,ablate_host0,0.8671875,0.0,512,True,context_gap_safe_class_balanced_readout_calibrated,paired_context_gap_safe_class_balanced_readout_calibrated,other,selected_policy_candidate,True,True,0.0
4,4,1,ablate_host1,0.8671875,0.0,512,True,context_gap_safe_class_balanced_readout_calibrated,paired_context_gap_safe_class_balanced_readout_calibrated,other,selected_policy_candidate,True,True,1.0
4,4,1,ablate_host2,0.8671875,0.0,512,True,context_gap_safe_class_balanced_readout_calibrated,paired_context_gap_safe_class_balanced_readout_calibrated,other,selected_policy_candidate,True,True,2.0
4,4,1,ablate_host3,0.01171875,-0.85546875,512,True,context_gap_safe_class_balanced_readout_calibrated,paired_context_gap_safe_class_balanced_readout_calibrated,other,selected_policy_candidate,True,True,3.0
4,4,1,ablate_host4,0.86328125,-0.00390625,512,True,context_gap_safe_class_balanced_readout_calibrated,paired_context_gap_safe_class_balanced_readout_calibrated,other,selected_policy_candidate,True,True,4.0
4,4,2,none,0.88671875,0.0,512,True,context_gap_safe_class_balanced_readout_calibrated,paired_context_gap_safe_class_balanced_readout_calibrated,other,selected_policy_candidate,True,True,
4,4,2,ablate_host0,0.203125,-0.68359375,512,True,context_gap_safe_class_balanced_readout_calibrated,paired_context_gap_safe_class_balanced_readout_calibrated,other,selected_policy_candidate,True,True,0.0
4,4,2,ablate_host1,0.884765625,-0.001953125,512,True,context_gap_safe_class_balanced_readout_calibrated,paired_context_gap_safe_class_balanced_readout_calibrated,other,selected_policy_candidate,True,True,1.0
4,4,2,ablate_host2,0.8671875,-0.01953125,512,True,context_gap_safe_class_balanced_readout_calibrated,paired_context_gap_safe_class_balanced_readout_calibrated,other,selected_policy_candidate,True,True,2.0
4,4,2,ablate_host3,0.884765625,-0.001953125,512,True,context_gap_safe_class_balanced_readout_calibrated,paired_context_gap_safe_class_balanced_readout_calibrated,other,selected_policy_candidate,True,True,3.0
4,4,2,ablate_host4,0.900390625,0.013671875,512,True,context_gap_safe_class_balanced_readout_calibrated,paired_context_gap_safe_class_balanced_readout_calibrated,other,selected_policy_candidate,True,True,4.0
4,4,3,none,0.953125,0.0,512,True,context_gap_safe_class_balanced_readout_calibrated,paired_context_gap_safe_class_balanced_readout_calibrated,other,selected_policy_candidate,True,True,
4,4,3,ablate_host0,0.953125,0.0,512,True,context_gap_safe_class_balanced_readout_calibrated,paired_context_gap_safe_class_balanced_readout_calibrated,other,selected_policy_candidate,True,True,0.0
4,4,3,ablate_host1,0.953125,0.0,512,True,context_gap_safe_class_balanced_readout_calibrated,paired_context_gap_safe_class_balanced_readout_calibrated,other,selected_policy_candidate,True,True,1.0
4,4,3,ablate_host2,0.05859375,-0.89453125,512,True,context_gap_safe_class_balanced_readout_calibrated,paired_context_gap_safe_class_balanced_readout_calibrated,other,selected_policy_candidate,True,True,2.0
4,4,3,ablate_host3,0.953125,0.0,512,True,context_gap_safe_class_balanced_readout_calibrated,paired_context_gap_safe_class_balanced_readout_calibrated,other,selected_policy_candidate,True,True,3.0
4,4,3,ablate_host4,0.921875,-0.03125,512,True,context_gap_safe_class_balanced_readout_calibrated,paired_context_gap_safe_class_balanced_readout_calibrated,other,selected_policy_candidate,True,True,4.0
4,4,4,none,0.951171875,0.0,512,True,context_gap_safe_class_balanced_readout_calibrated,paired_context_gap_safe_class_balanced_readout_calibrated,other,selected_policy_candidate,True,True,
4,4,4,ablate_host0,0.48046875,-0.470703125,512,True,context_gap_safe_class_balanced_readout_calibrated,paired_context_gap_safe_class_balanced_readout_calibrated,other,selected_policy_candidate,True,True,0.0
4,4,4,ablate_host1,0.951171875,0.0,512,True,context_gap_safe_class_balanced_readout_calibrated,paired_context_gap_safe_class_balanced_readout_calibrated,other,selected_policy_candidate,True,True,1.0
4,4,4,ablate_host2,0.95703125,0.005859375,512,True,context_gap_safe_class_balanced_readout_calibrated,paired_context_gap_safe_class_balanced_readout_calibrated,other,selected_policy_candidate,True,True,2.0
4,4,4,ablate_host3,0.947265625,-0.00390625,512,True,context_gap_safe_class_balanced_readout_calibrated,paired_context_gap_safe_class_balanced_readout_calibrated,other,selected_policy_candidate,True,True,3.0
4,4,4,ablate_host4,0.470703125,-0.48046875,512,True,context_gap_safe_class_balanced_readout_calibrated,paired_context_gap_safe_class_balanced_readout_calibrated,other,selected_policy_candidate,True,True,4.0
