seed,after_task,host_id,task_id,host_probe_acc,n_items,audit_only,specialization_audit_target_variant,specialization_audit_target_method,specialization_audit_target_policy_family,specialization_audit_model_source,specialization_audit_aligned_to_selected_candidate,specialization_audit_diagnostic_only
0,4,0,0,0.53515625,512,True,proto_global_no_repair,paired_proto_global_no_repair,proto_no_repair,selected_policy_candidate,True,True
0,4,0,1,0.267578125,512,True,proto_global_no_repair,paired_proto_global_no_repair,proto_no_repair,selected_policy_candidate,True,True
0,4,0,2,0.31640625,512,True,proto_global_no_repair,paired_proto_global_no_repair,proto_no_repair,selected_policy_candidate,True,True
0,4,0,3,0.83203125,512,True,proto_global_no_repair,paired_proto_global_no_repair,proto_no_repair,selected_policy_candidate,True,True
0,4,0,4,0.412109375,512,True,proto_global_no_repair,paired_proto_global_no_repair,proto_no_repair,selected_policy_candidate,True,True
0,4,1,0,0.515625,512,True,proto_global_no_repair,paired_proto_global_no_repair,proto_no_repair,selected_policy_candidate,True,True
0,4,1,1,0.337890625,512,True,proto_global_no_repair,paired_proto_global_no_repair,proto_no_repair,selected_policy_candidate,True,True
0,4,1,2,0.681640625,512,True,proto_global_no_repair,paired_proto_global_no_repair,proto_no_repair,selected_policy_candidate,True,True
0,4,1,3,0.533203125,512,True,proto_global_no_repair,paired_proto_global_no_repair,proto_no_repair,selected_policy_candidate,True,True
0,4,1,4,0.84765625,512,True,proto_global_no_repair,paired_proto_global_no_repair,proto_no_repair,selected_policy_candidate,True,True
0,4,2,0,0.703125,512,True,proto_global_no_repair,paired_proto_global_no_repair,proto_no_repair,selected_policy_candidate,True,True
0,4,2,1,0.314453125,512,True,proto_global_no_repair,paired_proto_global_no_repair,proto_no_repair,selected_policy_candidate,True,True
0,4,2,2,0.375,512,True,proto_global_no_repair,paired_proto_global_no_repair,proto_no_repair,selected_policy_candidate,True,True
0,4,2,3,0.619140625,512,True,proto_global_no_repair,paired_proto_global_no_repair,proto_no_repair,selected_policy_candidate,True,True
0,4,2,4,0.77734375,512,True,proto_global_no_repair,paired_proto_global_no_repair,proto_no_repair,selected_policy_candidate,True,True
0,4,3,0,0.560546875,512,True,proto_global_no_repair,paired_proto_global_no_repair,proto_no_repair,selected_policy_candidate,True,True
0,4,3,1,0.6875,512,True,proto_global_no_repair,paired_proto_global_no_repair,proto_no_repair,selected_policy_candidate,True,True
0,4,3,2,0.2421875,512,True,proto_global_no_repair,paired_proto_global_no_repair,proto_no_repair,selected_policy_candidate,True,True
0,4,3,3,0.626953125,512,True,proto_global_no_repair,paired_proto_global_no_repair,proto_no_repair,selected_policy_candidate,True,True
0,4,3,4,0.64453125,512,True,proto_global_no_repair,paired_proto_global_no_repair,proto_no_repair,selected_policy_candidate,True,True
0,4,4,0,0.53125,512,True,proto_global_no_repair,paired_proto_global_no_repair,proto_no_repair,selected_policy_candidate,True,True
0,4,4,1,0.294921875,512,True,proto_global_no_repair,paired_proto_global_no_repair,proto_no_repair,selected_policy_candidate,True,True
0,4,4,2,0.291015625,512,True,proto_global_no_repair,paired_proto_global_no_repair,proto_no_repair,selected_policy_candidate,True,True
0,4,4,3,0.5234375,512,True,proto_global_no_repair,paired_proto_global_no_repair,proto_no_repair,selected_policy_candidate,True,True
0,4,4,4,0.5390625,512,True,proto_global_no_repair,paired_proto_global_no_repair,proto_no_repair,selected_policy_candidate,True,True
1,4,0,0,0.51953125,512,True,context_gap_safe_class_balanced_readout_calibrated,paired_context_gap_safe_class_balanced_readout_calibrated,other,selected_policy_candidate,True,True
1,4,0,1,0.390625,512,True,context_gap_safe_class_balanced_readout_calibrated,paired_context_gap_safe_class_balanced_readout_calibrated,other,selected_policy_candidate,True,True
1,4,0,2,0.57421875,512,True,context_gap_safe_class_balanced_readout_calibrated,paired_context_gap_safe_class_balanced_readout_calibrated,other,selected_policy_candidate,True,True
1,4,0,3,0.564453125,512,True,context_gap_safe_class_balanced_readout_calibrated,paired_context_gap_safe_class_balanced_readout_calibrated,other,selected_policy_candidate,True,True
1,4,0,4,0.779296875,512,True,context_gap_safe_class_balanced_readout_calibrated,paired_context_gap_safe_class_balanced_readout_calibrated,other,selected_policy_candidate,True,True
1,4,1,0,0.6328125,512,True,context_gap_safe_class_balanced_readout_calibrated,paired_context_gap_safe_class_balanced_readout_calibrated,other,selected_policy_candidate,True,True
1,4,1,1,0.58984375,512,True,context_gap_safe_class_balanced_readout_calibrated,paired_context_gap_safe_class_balanced_readout_calibrated,other,selected_policy_candidate,True,True
1,4,1,2,0.310546875,512,True,context_gap_safe_class_balanced_readout_calibrated,paired_context_gap_safe_class_balanced_readout_calibrated,other,selected_policy_candidate,True,True
1,4,1,3,0.748046875,512,True,context_gap_safe_class_balanced_readout_calibrated,paired_context_gap_safe_class_balanced_readout_calibrated,other,selected_policy_candidate,True,True
1,4,1,4,0.580078125,512,True,context_gap_safe_class_balanced_readout_calibrated,paired_context_gap_safe_class_balanced_readout_calibrated,other,selected_policy_candidate,True,True
1,4,2,0,0.55859375,512,True,context_gap_safe_class_balanced_readout_calibrated,paired_context_gap_safe_class_balanced_readout_calibrated,other,selected_policy_candidate,True,True
1,4,2,1,0.283203125,512,True,context_gap_safe_class_balanced_readout_calibrated,paired_context_gap_safe_class_balanced_readout_calibrated,other,selected_policy_candidate,True,True
1,4,2,2,0.326171875,512,True,context_gap_safe_class_balanced_readout_calibrated,paired_context_gap_safe_class_balanced_readout_calibrated,other,selected_policy_candidate,True,True
1,4,2,3,0.73046875,512,True,context_gap_safe_class_balanced_readout_calibrated,paired_context_gap_safe_class_balanced_readout_calibrated,other,selected_policy_candidate,True,True
1,4,2,4,0.74609375,512,True,context_gap_safe_class_balanced_readout_calibrated,paired_context_gap_safe_class_balanced_readout_calibrated,other,selected_policy_candidate,True,True
1,4,3,0,0.435546875,512,True,context_gap_safe_class_balanced_readout_calibrated,paired_context_gap_safe_class_balanced_readout_calibrated,other,selected_policy_candidate,True,True
1,4,3,1,0.451171875,512,True,context_gap_safe_class_balanced_readout_calibrated,paired_context_gap_safe_class_balanced_readout_calibrated,other,selected_policy_candidate,True,True
1,4,3,2,0.451171875,512,True,context_gap_safe_class_balanced_readout_calibrated,paired_context_gap_safe_class_balanced_readout_calibrated,other,selected_policy_candidate,True,True
1,4,3,3,0.740234375,512,True,context_gap_safe_class_balanced_readout_calibrated,paired_context_gap_safe_class_balanced_readout_calibrated,other,selected_policy_candidate,True,True
1,4,3,4,0.56640625,512,True,context_gap_safe_class_balanced_readout_calibrated,paired_context_gap_safe_class_balanced_readout_calibrated,other,selected_policy_candidate,True,True
1,4,4,0,0.5859375,512,True,context_gap_safe_class_balanced_readout_calibrated,paired_context_gap_safe_class_balanced_readout_calibrated,other,selected_policy_candidate,True,True
1,4,4,1,0.330078125,512,True,context_gap_safe_class_balanced_readout_calibrated,paired_context_gap_safe_class_balanced_readout_calibrated,other,selected_policy_candidate,True,True
1,4,4,2,0.25,512,True,context_gap_safe_class_balanced_readout_calibrated,paired_context_gap_safe_class_balanced_readout_calibrated,other,selected_policy_candidate,True,True
1,4,4,3,0.3671875,512,True,context_gap_safe_class_balanced_readout_calibrated,paired_context_gap_safe_class_balanced_readout_calibrated,other,selected_policy_candidate,True,True
1,4,4,4,0.359375,512,True,context_gap_safe_class_balanced_readout_calibrated,paired_context_gap_safe_class_balanced_readout_calibrated,other,selected_policy_candidate,True,True
2,4,0,0,0.673828125,512,True,context_temp_blend_selected_head_guard_035,paired_context_temp_blend_selected_head_guard_035,rc1b_guarded_context_gap,selected_policy_candidate,True,True
2,4,0,1,0.166015625,512,True,context_temp_blend_selected_head_guard_035,paired_context_temp_blend_selected_head_guard_035,rc1b_guarded_context_gap,selected_policy_candidate,True,True
2,4,0,2,0.560546875,512,True,context_temp_blend_selected_head_guard_035,paired_context_temp_blend_selected_head_guard_035,rc1b_guarded_context_gap,selected_policy_candidate,True,True
2,4,0,3,0.484375,512,True,context_temp_blend_selected_head_guard_035,paired_context_temp_blend_selected_head_guard_035,rc1b_guarded_context_gap,selected_policy_candidate,True,True
2,4,0,4,0.396484375,512,True,context_temp_blend_selected_head_guard_035,paired_context_temp_blend_selected_head_guard_035,rc1b_guarded_context_gap,selected_policy_candidate,True,True
2,4,1,0,0.71484375,512,True,context_temp_blend_selected_head_guard_035,paired_context_temp_blend_selected_head_guard_035,rc1b_guarded_context_gap,selected_policy_candidate,True,True
2,4,1,1,0.669921875,512,True,context_temp_blend_selected_head_guard_035,paired_context_temp_blend_selected_head_guard_035,rc1b_guarded_context_gap,selected_policy_candidate,True,True
2,4,1,2,0.669921875,512,True,context_temp_blend_selected_head_guard_035,paired_context_temp_blend_selected_head_guard_035,rc1b_guarded_context_gap,selected_policy_candidate,True,True
2,4,1,3,0.703125,512,True,context_temp_blend_selected_head_guard_035,paired_context_temp_blend_selected_head_guard_035,rc1b_guarded_context_gap,selected_policy_candidate,True,True
2,4,1,4,0.6953125,512,True,context_temp_blend_selected_head_guard_035,paired_context_temp_blend_selected_head_guard_035,rc1b_guarded_context_gap,selected_policy_candidate,True,True
2,4,2,0,0.744140625,512,True,context_temp_blend_selected_head_guard_035,paired_context_temp_blend_selected_head_guard_035,rc1b_guarded_context_gap,selected_policy_candidate,True,True
2,4,2,1,0.15234375,512,True,context_temp_blend_selected_head_guard_035,paired_context_temp_blend_selected_head_guard_035,rc1b_guarded_context_gap,selected_policy_candidate,True,True
2,4,2,2,0.416015625,512,True,context_temp_blend_selected_head_guard_035,paired_context_temp_blend_selected_head_guard_035,rc1b_guarded_context_gap,selected_policy_candidate,True,True
2,4,2,3,0.41796875,512,True,context_temp_blend_selected_head_guard_035,paired_context_temp_blend_selected_head_guard_035,rc1b_guarded_context_gap,selected_policy_candidate,True,True
2,4,2,4,0.859375,512,True,context_temp_blend_selected_head_guard_035,paired_context_temp_blend_selected_head_guard_035,rc1b_guarded_context_gap,selected_policy_candidate,True,True
2,4,3,0,0.3828125,512,True,context_temp_blend_selected_head_guard_035,paired_context_temp_blend_selected_head_guard_035,rc1b_guarded_context_gap,selected_policy_candidate,True,True
2,4,3,1,0.275390625,512,True,context_temp_blend_selected_head_guard_035,paired_context_temp_blend_selected_head_guard_035,rc1b_guarded_context_gap,selected_policy_candidate,True,True
2,4,3,2,0.681640625,512,True,context_temp_blend_selected_head_guard_035,paired_context_temp_blend_selected_head_guard_035,rc1b_guarded_context_gap,selected_policy_candidate,True,True
2,4,3,3,0.791015625,512,True,context_temp_blend_selected_head_guard_035,paired_context_temp_blend_selected_head_guard_035,rc1b_guarded_context_gap,selected_policy_candidate,True,True
2,4,3,4,0.404296875,512,True,context_temp_blend_selected_head_guard_035,paired_context_temp_blend_selected_head_guard_035,rc1b_guarded_context_gap,selected_policy_candidate,True,True
2,4,4,0,0.29296875,512,True,context_temp_blend_selected_head_guard_035,paired_context_temp_blend_selected_head_guard_035,rc1b_guarded_context_gap,selected_policy_candidate,True,True
2,4,4,1,0.259765625,512,True,context_temp_blend_selected_head_guard_035,paired_context_temp_blend_selected_head_guard_035,rc1b_guarded_context_gap,selected_policy_candidate,True,True
2,4,4,2,0.740234375,512,True,context_temp_blend_selected_head_guard_035,paired_context_temp_blend_selected_head_guard_035,rc1b_guarded_context_gap,selected_policy_candidate,True,True
2,4,4,3,0.6875,512,True,context_temp_blend_selected_head_guard_035,paired_context_temp_blend_selected_head_guard_035,rc1b_guarded_context_gap,selected_policy_candidate,True,True
2,4,4,4,0.869140625,512,True,context_temp_blend_selected_head_guard_035,paired_context_temp_blend_selected_head_guard_035,rc1b_guarded_context_gap,selected_policy_candidate,True,True
3,4,0,0,0.681640625,512,True,context_gap_safe_class_balanced_readout_calibrated,paired_context_gap_safe_class_balanced_readout_calibrated,other,selected_policy_candidate,True,True
3,4,0,1,0.212890625,512,True,context_gap_safe_class_balanced_readout_calibrated,paired_context_gap_safe_class_balanced_readout_calibrated,other,selected_policy_candidate,True,True
3,4,0,2,0.29296875,512,True,context_gap_safe_class_balanced_readout_calibrated,paired_context_gap_safe_class_balanced_readout_calibrated,other,selected_policy_candidate,True,True
3,4,0,3,0.873046875,512,True,context_gap_safe_class_balanced_readout_calibrated,paired_context_gap_safe_class_balanced_readout_calibrated,other,selected_policy_candidate,True,True
3,4,0,4,0.59375,512,True,context_gap_safe_class_balanced_readout_calibrated,paired_context_gap_safe_class_balanced_readout_calibrated,other,selected_policy_candidate,True,True
3,4,1,0,0.443359375,512,True,context_gap_safe_class_balanced_readout_calibrated,paired_context_gap_safe_class_balanced_readout_calibrated,other,selected_policy_candidate,True,True
3,4,1,1,0.267578125,512,True,context_gap_safe_class_balanced_readout_calibrated,paired_context_gap_safe_class_balanced_readout_calibrated,other,selected_policy_candidate,True,True
3,4,1,2,0.744140625,512,True,context_gap_safe_class_balanced_readout_calibrated,paired_context_gap_safe_class_balanced_readout_calibrated,other,selected_policy_candidate,True,True
3,4,1,3,0.173828125,512,True,context_gap_safe_class_balanced_readout_calibrated,paired_context_gap_safe_class_balanced_readout_calibrated,other,selected_policy_candidate,True,True
3,4,1,4,0.810546875,512,True,context_gap_safe_class_balanced_readout_calibrated,paired_context_gap_safe_class_balanced_readout_calibrated,other,selected_policy_candidate,True,True
3,4,2,0,0.697265625,512,True,context_gap_safe_class_balanced_readout_calibrated,paired_context_gap_safe_class_balanced_readout_calibrated,other,selected_policy_candidate,True,True
3,4,2,1,0.60546875,512,True,context_gap_safe_class_balanced_readout_calibrated,paired_context_gap_safe_class_balanced_readout_calibrated,other,selected_policy_candidate,True,True
3,4,2,2,0.494140625,512,True,context_gap_safe_class_balanced_readout_calibrated,paired_context_gap_safe_class_balanced_readout_calibrated,other,selected_policy_candidate,True,True
3,4,2,3,0.541015625,512,True,context_gap_safe_class_balanced_readout_calibrated,paired_context_gap_safe_class_balanced_readout_calibrated,other,selected_policy_candidate,True,True
3,4,2,4,0.6015625,512,True,context_gap_safe_class_balanced_readout_calibrated,paired_context_gap_safe_class_balanced_readout_calibrated,other,selected_policy_candidate,True,True
3,4,3,0,0.62109375,512,True,context_gap_safe_class_balanced_readout_calibrated,paired_context_gap_safe_class_balanced_readout_calibrated,other,selected_policy_candidate,True,True
3,4,3,1,0.154296875,512,True,context_gap_safe_class_balanced_readout_calibrated,paired_context_gap_safe_class_balanced_readout_calibrated,other,selected_policy_candidate,True,True
3,4,3,2,0.224609375,512,True,context_gap_safe_class_balanced_readout_calibrated,paired_context_gap_safe_class_balanced_readout_calibrated,other,selected_policy_candidate,True,True
3,4,3,3,0.724609375,512,True,context_gap_safe_class_balanced_readout_calibrated,paired_context_gap_safe_class_balanced_readout_calibrated,other,selected_policy_candidate,True,True
3,4,3,4,0.603515625,512,True,context_gap_safe_class_balanced_readout_calibrated,paired_context_gap_safe_class_balanced_readout_calibrated,other,selected_policy_candidate,True,True
3,4,4,0,0.60546875,512,True,context_gap_safe_class_balanced_readout_calibrated,paired_context_gap_safe_class_balanced_readout_calibrated,other,selected_policy_candidate,True,True
3,4,4,1,0.103515625,512,True,context_gap_safe_class_balanced_readout_calibrated,paired_context_gap_safe_class_balanced_readout_calibrated,other,selected_policy_candidate,True,True
3,4,4,2,0.7109375,512,True,context_gap_safe_class_balanced_readout_calibrated,paired_context_gap_safe_class_balanced_readout_calibrated,other,selected_policy_candidate,True,True
3,4,4,3,0.376953125,512,True,context_gap_safe_class_balanced_readout_calibrated,paired_context_gap_safe_class_balanced_readout_calibrated,other,selected_policy_candidate,True,True
3,4,4,4,0.7265625,512,True,context_gap_safe_class_balanced_readout_calibrated,paired_context_gap_safe_class_balanced_readout_calibrated,other,selected_policy_candidate,True,True
4,4,0,0,0.66015625,512,True,context_gap_safe_class_balanced_readout_calibrated,paired_context_gap_safe_class_balanced_readout_calibrated,other,selected_policy_candidate,True,True
4,4,0,1,0.328125,512,True,context_gap_safe_class_balanced_readout_calibrated,paired_context_gap_safe_class_balanced_readout_calibrated,other,selected_policy_candidate,True,True
4,4,0,2,0.701171875,512,True,context_gap_safe_class_balanced_readout_calibrated,paired_context_gap_safe_class_balanced_readout_calibrated,other,selected_policy_candidate,True,True
4,4,0,3,0.48046875,512,True,context_gap_safe_class_balanced_readout_calibrated,paired_context_gap_safe_class_balanced_readout_calibrated,other,selected_policy_candidate,True,True
4,4,0,4,0.734375,512,True,context_gap_safe_class_balanced_readout_calibrated,paired_context_gap_safe_class_balanced_readout_calibrated,other,selected_policy_candidate,True,True
4,4,1,0,0.451171875,512,True,context_gap_safe_class_balanced_readout_calibrated,paired_context_gap_safe_class_balanced_readout_calibrated,other,selected_policy_candidate,True,True
4,4,1,1,0.376953125,512,True,context_gap_safe_class_balanced_readout_calibrated,paired_context_gap_safe_class_balanced_readout_calibrated,other,selected_policy_candidate,True,True
4,4,1,2,0.3828125,512,True,context_gap_safe_class_balanced_readout_calibrated,paired_context_gap_safe_class_balanced_readout_calibrated,other,selected_policy_candidate,True,True
4,4,1,3,0.083984375,512,True,context_gap_safe_class_balanced_readout_calibrated,paired_context_gap_safe_class_balanced_readout_calibrated,other,selected_policy_candidate,True,True
4,4,1,4,0.533203125,512,True,context_gap_safe_class_balanced_readout_calibrated,paired_context_gap_safe_class_balanced_readout_calibrated,other,selected_policy_candidate,True,True
4,4,2,0,0.41796875,512,True,context_gap_safe_class_balanced_readout_calibrated,paired_context_gap_safe_class_balanced_readout_calibrated,other,selected_policy_candidate,True,True
4,4,2,1,0.123046875,512,True,context_gap_safe_class_balanced_readout_calibrated,paired_context_gap_safe_class_balanced_readout_calibrated,other,selected_policy_candidate,True,True
4,4,2,2,0.58984375,512,True,context_gap_safe_class_balanced_readout_calibrated,paired_context_gap_safe_class_balanced_readout_calibrated,other,selected_policy_candidate,True,True
4,4,2,3,0.763671875,512,True,context_gap_safe_class_balanced_readout_calibrated,paired_context_gap_safe_class_balanced_readout_calibrated,other,selected_policy_candidate,True,True
4,4,2,4,0.681640625,512,True,context_gap_safe_class_balanced_readout_calibrated,paired_context_gap_safe_class_balanced_readout_calibrated,other,selected_policy_candidate,True,True
4,4,3,0,0.646484375,512,True,context_gap_safe_class_balanced_readout_calibrated,paired_context_gap_safe_class_balanced_readout_calibrated,other,selected_policy_candidate,True,True
4,4,3,1,0.689453125,512,True,context_gap_safe_class_balanced_readout_calibrated,paired_context_gap_safe_class_balanced_readout_calibrated,other,selected_policy_candidate,True,True
4,4,3,2,0.44921875,512,True,context_gap_safe_class_balanced_readout_calibrated,paired_context_gap_safe_class_balanced_readout_calibrated,other,selected_policy_candidate,True,True
4,4,3,3,0.4609375,512,True,context_gap_safe_class_balanced_readout_calibrated,paired_context_gap_safe_class_balanced_readout_calibrated,other,selected_policy_candidate,True,True
4,4,3,4,0.72265625,512,True,context_gap_safe_class_balanced_readout_calibrated,paired_context_gap_safe_class_balanced_readout_calibrated,other,selected_policy_candidate,True,True
4,4,4,0,0.5625,512,True,context_gap_safe_class_balanced_readout_calibrated,paired_context_gap_safe_class_balanced_readout_calibrated,other,selected_policy_candidate,True,True
4,4,4,1,0.171875,512,True,context_gap_safe_class_balanced_readout_calibrated,paired_context_gap_safe_class_balanced_readout_calibrated,other,selected_policy_candidate,True,True
4,4,4,2,0.525390625,512,True,context_gap_safe_class_balanced_readout_calibrated,paired_context_gap_safe_class_balanced_readout_calibrated,other,selected_policy_candidate,True,True
4,4,4,3,0.755859375,512,True,context_gap_safe_class_balanced_readout_calibrated,paired_context_gap_safe_class_balanced_readout_calibrated,other,selected_policy_candidate,True,True
4,4,4,4,0.79296875,512,True,context_gap_safe_class_balanced_readout_calibrated,paired_context_gap_safe_class_balanced_readout_calibrated,other,selected_policy_candidate,True,True
